s{,s撬,l,s{ݒn
kC,s,339605,
kC,Hs,174742,
kC,]ʎs,120636,
kC,Dys,1952356,
kC,Ms,121924,
kC,эLs,169327,
kC,Ϗqs,172737,
kC,َs,265979,
kC,ks,121226,
X,OOs,177411,
X,Xs,287648,
X,ˎs,231257,
茧,֎s,121583,
茧,Bs,119422,
茧,s,297631,
{錧,Ίs,147214,
{錧,s,1082159,
{錧,s,133391,
Hc,s,92197,
Hc,Hcs,315814,
R`,R`s,253832,
R`,cs,106244,
R`,߉s,129652,
,킫s,350237,
,Îᏼs,124062,
,SRs,335444,
,s,294247,
錧,Ύs,226963,
錧,ˎs,270783,
錧,s,185054,
Ȗ،,Fs{s,518594,
Ȗ،,Rs,166760,
Ȗ،,Ȗ؎s,159211,
Qn,ɐs,208814,
Qn,s,370884,
Qn,Os,336154,
Qn,cs,219807,
ʌ,܎s,1263979,
ʌ,zJs,337498,
ʌ,FJs,198742,
ʌ,ts,232709,
ʌ,s,340386,
ʌ,s,225196,
ʌ,zs,350745,
ʌ,s,578112,
ʌ,s,247034,
t,ss,274656,
t,ss,481732,
t,ˎs,483480,
t,ts,971882,
t,Ds,622890,
t,s,413954,
t,s,193152,
t,Rs,174373,
s,cs,432348,
s,zs,229061,
s,qs,577513,
s,{s,260274,
_ސ쌧,{s,406586,
_ސ쌧,ls,3724844,
_ސ쌧,s,239348,
_ސ쌧,؎s,225714,
_ސ쌧,cs,194086,
_ސ쌧,s,1475213,
_ސ쌧,͌s,720780,
_ސ쌧,as,232922,
_ސ쌧,s,423894,
_ސ쌧,ˎs,258227,
V,zs,196987,
V,Vs,810157,
V,s,275133,
xR,s,172125,
xR,xRs,418686,
ΐ쌧,s,465699,
ΐ쌧,s,106919,
ΐ쌧,Rs,109287,
䌧,s,90280,
䌧,s,265904,
R,bs,74386,
R,b{s,193125,
쌧,{s,243293,
쌧,cs,156827,
쌧,s,377598,
򕌌,򕌎s,406735,
򕌌,_s,159879,
É,Îs,195633,
É,És,704989,
É,֓cs,167210,
É,ls,797980,
É,xms,248399,
m,s,184140,
m,{s,380868,
m,s,381051,
m,ts,306508,
m,Ls,374765,
m,Ls,182436,
m,Lcs,422542,
m,És,2295638,
Od,lss,311031,
Od,Îs,279886,
Od,鎭s,196403,
ꌧ,Îs,137247,
ꌧ,Îs,340973,
s{,Fs,184678,
s{,ss,1475183,
{,؎s,280033,
{,ݘacs,194911,
{,Ύs,351829,
{,s,839310,
{,Qs,237518,
{,cs,374468,
{,s,2691185,
{,s,502784,
{,s,268800,
{,Ls,395479,
{,s,404152,
{,as,186109,
Ɍ,ɒOs,196883,
Ɍ,Ðs,267435,
Ɍ,_ˎs,1537272,
Ɍ,{s,487850,
Ɍ,s,452563,
Ɍ,PHs,535664,
Ɍ,ˎs,224903,
Ɍ,Ύs,293409,
ޗǌ,s,124111,
ޗǌ,ޗǎs,360310,
a̎R,cӎs,74770,
a̎R,a̎Rs,364154,
挧,s,193717,
挧,Ďqs,149313,
,o_s,171938,
,]s,206230,
R,Rs,719474,
R,q~s,477118,
R,ÎRs,103746,
L,s,228552,
L,Ls,1194034,
L,Ls,192907,
L,Rs,464811,
R,Fs,169429,
R,֎s,268517,
R,⍑s,136757,
R,Rs,197422,
R,s,144842,
R,h{s,115942,
,s,73019,
,s,258554,
쌧,ۋTs,110010,
쌧,s,420748,
Q,s,158114,
Q,Rs,514865,
m,ms,337190,
m,썑s,47982,
,vĎs,304552,
,ђˎs,129146,
,s,1538681,
,kBs,961286,
ꌧ,s,236372,
ꌧ,Îs,122785,
茧,ێs,255439,
茧,s,429508,
茧,|s,138078,
F{,F{s,740822,
F{,s,127472,
啪,啪s,478146,
啪,ʕ{s,122138,
{茧,s,125159,
{茧,{s,401138,
{茧,ss,165029,
,s,103608,
,s,599814,
,s,125857,
ꌧ,ߔes,319435,
